{
  "data": "../Hard-Hat-Workers-8/custom_hard_hat.yaml",
  "degrees": 18.466786928515326,
  "lr0": 0.014953335982752796,
  "momentum": 0.6162492934676375,
  "weight_decay": 0.0008681260573682142
}