{
  "data": "../Hard-Hat-Workers-8/custom_hard_hat.yaml",
  "degrees": 21.132432057705984,
  "lr0": 0.022400229559157412,
  "momentum": 0.692808129346559,
  "weight_decay": 0.0003453516806969027
}