{
  "data": "E:\\files_main\\projects_ml\\hard-hat-detection\\Hard-Hat-Workers-8\\custom_hard_hat.yaml",
  "degrees": 10.418289273719859,
  "lr0": 0.004391301289817615,
  "momentum": 0.6147697682415638,
  "weight_decay": 0.0005388813521228691
}