{
  "data": "e:\\files_main\\projects_ml\\hard-hat-detection\\Hard-Hat-Workers-8\\custom_hard_hat.yaml",
  "degrees": 2.66008995134439,
  "lr0": 0.05548068948956256,
  "momentum": 0.6714919790399377,
  "weight_decay": 0.0005479784270778534
}