{
  "data": "../../Hard-Hat-Workers-8/custom_hard_hat.yaml",
  "degrees": 4.2504377226268195,
  "lr0": 0.05982862308943976,
  "momentum": 0.6597964022293504,
  "weight_decay": 0.0006776485701082111
}