{
  "data": "datasets\\custom_hard_hat.yaml",
  "degrees": 5.787511199081824,
  "lr0": 0.017026256811080758,
  "momentum": 0.6140201490717746,
  "weight_decay": 0.0005887408914069473
}