{
  "data": "../Hard-Hat-Workers-8/custom_hard_hat.yaml",
  "degrees": 21.42723898647334,
  "lr0": 0.07039181946820124,
  "momentum": 0.6919482613744673,
  "weight_decay": 0.00010022688731230112
}