{
  "data": "../Hard-Hat-Workers-8/custom_hard_hat.yaml",
  "degrees": 1.7408748097162685,
  "lr0": 0.04905097627367054,
  "momentum": 0.6254356481770392,
  "weight_decay": 0.00022741462797332325
}