{
  "data": "/Hard-Hat-Workers-8/custom_hard_hat.yaml",
  "degrees": 23.349042950092812,
  "lr0": 0.07036720000774647,
  "momentum": 0.609463523448684,
  "weight_decay": 1.2502301345270084e-05
}