{
  "data": "../Hard-Hat-Workers-8/custom_hard_hat.yaml",
  "degrees": 9.318340902305447,
  "lr0": 0.04651314302502204,
  "momentum": 0.6117320681138859,
  "weight_decay": 0.0004433429025086542
}