{
  "data": "E:/files_main/projects_ml/hard-hat-detection/Hard-Hat-Workers-8/custom_hard_hat.yaml",
  "degrees": 5.601040376551731,
  "lr0": 0.08459244354522871,
  "momentum": 0.6212192724140154,
  "weight_decay": 0.00015392163667898984
}