{
  "data": "../Hard-Hat-Workers-8/custom_hard_hat.yaml",
  "degrees": 9.462850527725516,
  "lr0": 0.06706708058311976,
  "momentum": 0.6128926297654853,
  "weight_decay": 0.0002103825610738409
}