{
  "data": "/Hard-Hat-Workers-8/custom_hard_hat.yaml",
  "degrees": 16.528342214700515,
  "lr0": 0.010948970449760658,
  "momentum": 0.6336331544071198,
  "weight_decay": 0.0004847551717910252
}