{
  "data": "datasets\\custom_hard_hat.yaml",
  "degrees": 5.54304683765896,
  "lr0": 0.04313520407423578,
  "momentum": 0.6040378486592354,
  "weight_decay": 0.0009531074361465693
}