{
  "data": "/datasets/custom_hard_hat.yaml",
  "degrees": 24.060412803354662,
  "lr0": 0.08961866829415048,
  "momentum": 0.6703871489192003,
  "weight_decay": 8.238265632883968e-05
}