{
  "data": "/Hard-Hat-Workers-8/custom_hard_hat.yaml",
  "degrees": 17.676747118283995,
  "lr0": 0.059617644595157726,
  "momentum": 0.6791328435089675,
  "weight_decay": 0.0007977933668574728
}