{
  "data": "E:/files_main/projects_ml/hard-hat-detection/Hard-Hat-Workers-8/custom_hard_hat.yaml",
  "degrees": 27.52968381846673,
  "lr0": 0.049442022170251336,
  "momentum": 0.6458793435341764,
  "weight_decay": 0.00016284369182038085
}