{
  "data": "/datasets/custom_hard_hat.yaml",
  "degrees": 27.310140079987285,
  "lr0": 0.053324000759360175,
  "momentum": 0.6559493388489506,
  "weight_decay": 0.0003725149188400807
}