{
  "data": "../../Hard-Hat-Workers-8/custom_hard_hat.yaml",
  "degrees": 5.037685461726987,
  "lr0": 0.056280330464510524,
  "momentum": 0.6560815783224271,
  "weight_decay": 0.0005430272136555894
}