{
  "data": "datasets\\custom_hard_hat.yaml",
  "degrees": 12.598351000489226,
  "lr0": 0.08574460809770992,
  "momentum": 0.6983048909564704,
  "weight_decay": 0.0009590703265452201
}