{
  "data": "../Hard-Hat-Workers-8/custom_hard_hat.yaml",
  "degrees": 16.346495489906907,
  "lr0": 0.05488586225769321,
  "momentum": 0.6602763376071643,
  "weight_decay": 0.0007151893663724195
}