{
  "data": "E:/files_main/projects_ml/hard-hat-detection/Hard-Hat-Workers-8/custom_hard_hat.yaml",
  "degrees": 8.734155372483183,
  "lr0": 0.021268495122870195,
  "momentum": 0.6440174214930968,
  "weight_decay": 0.0003565571254305613
}