{
  "data": "E:/files_main/projects_ml/hard-hat-detection/Hard-Hat-Workers-8/custom_hard_hat.yaml",
  "degrees": 0.8010125751109443,
  "lr0": 0.09859006804466193,
  "momentum": 0.6373578719096608,
  "weight_decay": 0.0003736582078698083
}