{
  "data": "../Hard-Hat-Workers-8/custom_hard_hat.yaml",
  "degrees": 13.989323185689189,
  "lr0": 0.016139338693320775,
  "momentum": 0.6253291602539782,
  "weight_decay": 0.0006531083254653985
}