{
  "data": "../Hard-Hat-Workers-8/custom_hard_hat.yaml",
  "degrees": 0.5556538338184192,
  "lr0": 0.052108450254350895,
  "momentum": 0.61999965248964,
  "weight_decay": 5.433798833925363e-05
}