{
  "data": "datasets\\custom_hard_hat.yaml",
  "degrees": 8.191221459628139,
  "lr0": 0.0024699250584945755,
  "momentum": 0.6193209505276988,
  "weight_decay": 0.0009839161840980392
}