{
  "data": "../Hard-Hat-Workers-8/custom_hard_hat.yaml",
  "degrees": 25.138347224964118,
  "lr0": 0.03687882981438981,
  "momentum": 0.6097101275793061,
  "weight_decay": 0.0008209932298479351
}