{
  "data": "../Hard-Hat-Workers-8/custom_hard_hat.yaml",
  "degrees": 7.136784641235259,
  "lr0": 0.016477768708226297,
  "momentum": 0.6577228588604167,
  "weight_decay": 0.0006214784014997635
}