{
  "data": "../Hard-Hat-Workers-8/custom_hard_hat.yaml",
  "degrees": 28.90988281503088,
  "lr0": 0.06459295236553494,
  "momentum": 0.689177300078208,
  "weight_decay": 0.00043758721126269253
}