{
  "data": "E:\\files_main\\projects_ml\\hard-hat-detection\\Hard-Hat-Workers-8\\custom_hard_hat.yaml",
  "degrees": 14.863459376931008,
  "lr0": 0.0029943365349423988,
  "momentum": 0.6989219557863668,
  "weight_decay": 0.000473703308901962
}