{
  "data": "../Hard-Hat-Workers-8/custom_hard_hat.yaml",
  "degrees": 17.278394866685378,
  "lr0": 0.02654629519903515,
  "momentum": 0.6093940510758441,
  "weight_decay": 0.0005232480534666996
}