{
  "data": "datasets\\custom_hard_hat.yaml",
  "degrees": 27.96142226661469,
  "lr0": 0.03019717014450295,
  "momentum": 0.6170217467887765,
  "weight_decay": 0.0005506588397610016
}