{
  "data": "../datasets/custom_hard_hat.yaml",
  "degrees": 15.66841835252622,
  "lr0": 0.036895700479281826,
  "momentum": 0.645216697211241,
  "weight_decay": 0.0004650264221470111
}