{
  "data": "datasets\\custom_hard_hat.yaml",
  "degrees": 4.093823453110648,
  "lr0": 0.052857406261298305,
  "momentum": 0.6519357842248419,
  "weight_decay": 0.0008828842569604837
}