{
  "data": "datasets\\custom_hard_hat.yaml",
  "degrees": 4.191074381571144,
  "lr0": 0.09527092502917239,
  "momentum": 0.6046342691068215,
  "weight_decay": 0.0005799596039676532
}