{
  "data": "E:\files_main\\projects_ml\\hard-hat-detection\\datasets\\custom_hard_hat.yaml",
  "degrees": 7.183624994909285,
  "lr0": 0.03380584183996251,
  "momentum": 0.6481820015601385,
  "weight_decay": 0.0005486250932762405
}