{
  "data": "../Hard-Hat-Workers-8/custom_hard_hat.yaml",
  "degrees": 12.215498916779989,
  "lr0": 0.08480234284993023,
  "momentum": 0.6569100738614593,
  "weight_decay": 0.0008073189587250107
}