{
  "data": "../Hard-Hat-Workers-8/custom_hard_hat.yaml",
  "degrees": 21.89971687272174,
  "lr0": 0.08558177620583718,
  "momentum": 0.6359978064478363,
  "weight_decay": 1.1714084185001972e-05
}