{
  "data": "/hard-hat-detection/datasets/custom_hard_hat.yaml",
  "degrees": 14.525684480798956,
  "lr0": 0.008456866673487537,
  "momentum": 0.6723890050697323,
  "weight_decay": 0.0006621295151882655
}