{
  "data": "E:/files_main/projects_ml/hard-hat-detection/Hard-Hat-Workers-8/custom_hard_hat.yaml",
  "degrees": 2.045110305308535,
  "lr0": 0.09608174380532876,
  "momentum": 0.608410847287586,
  "weight_decay": 0.0005132589932775377
}