{
  "data": "datasets\\custom_hard_hat.yaml",
  "degrees": 24.74516266901404,
  "lr0": 0.036158156479539794,
  "momentum": 0.6096067406353081,
  "weight_decay": 0.0003805253205389323
}