{
  "data": "/datasets/custom_hard_hat.yaml",
  "degrees": 1.4413736846739222,
  "lr0": 0.007644916096502872,
  "momentum": 0.6751004942811236,
  "weight_decay": 2.6486086736916217e-05
}