{
  "data": "/Hard-Hat-Workers-8/custom_hard_hat.yaml",
  "degrees": 12.033465693359512,
  "lr0": 0.057106517747589215,
  "momentum": 0.6225974948110103,
  "weight_decay": 5.487562589826445e-05
}