{
  "data": "../Hard-Hat-Workers-8/custom_hard_hat.yaml",
  "degrees": 21.489816123556967,
  "lr0": 0.03186370955560786,
  "momentum": 0.6131797862404392,
  "weight_decay": 0.0006674103799636817
}