{
  "data": "../Hard-Hat-Workers-8/custom_hard_hat.yaml",
  "degrees": 15.655449652502151,
  "lr0": 0.0639957029225391,
  "momentum": 0.6944668917049583,
  "weight_decay": 0.0001433532874090464
}