{
  "data": "datasets\\custom_hard_hat.yaml",
  "degrees": 14.686377348260416,
  "lr0": 0.0458089675568535,
  "momentum": 0.6229885538475253,
  "weight_decay": 0.0008891557732564291
}