{
  "data": "../Hard-Hat-Workers-8/custom_hard_hat.yaml",
  "degrees": 18.14536559235138,
  "lr0": 0.09764618190668944,
  "momentum": 0.6976761088190336,
  "weight_decay": 0.00046865120164770157
}