{
  "data": "../Hard-Hat-Workers-8/custom_hard_hat.yaml",
  "degrees": 28.865656353523146,
  "lr0": 0.06778487551425505,
  "momentum": 0.6735194022122595,
  "weight_decay": 0.0002700079731921649
}