{
  "data": "/Hard-Hat-Workers-8/custom_hard_hat.yaml",
  "degrees": 22.67731124698006,
  "lr0": 0.0011826116386962032,
  "momentum": 0.6362032602113362,
  "weight_decay": 0.0009374076311120528
}