{
  "data": "/Hard-Hat-Workers-8/custom_hard_hat.yaml",
  "degrees": 24.489134761436265,
  "lr0": 0.08888138147438239,
  "momentum": 0.6506932602915056,
  "weight_decay": 0.0007253193440324904
}