{
  "data": "../Hard-Hat-Workers-8/custom_hard_hat.yaml",
  "degrees": 10.185448545479453,
  "lr0": 0.010785405160281472,
  "momentum": 0.6613298297925623,
  "weight_decay": 0.0002053356380334749
}