{
  "data": "E:/files_main/projects_ml/hard-hat-detection/Hard-Hat-Workers-8/custom_hard_hat.yaml",
  "degrees": 2.429832948485334,
  "lr0": 0.02191828250040365,
  "momentum": 0.6219794180505701,
  "weight_decay": 0.0005537864055675573
}