{
  "data": "../Hard-Hat-Workers-8/custom_hard_hat.yaml",
  "degrees": 25.991469777858875,
  "lr0": 0.06974590302672493,
  "momentum": 0.6722055599470348,
  "weight_decay": 0.0004535426826780689
}