{
  "data": "../../hard-hat-detection/datasets/custom_hard_hat.yaml",
  "degrees": 24.947332953510944,
  "lr0": 0.05516993259428917,
  "momentum": 0.6033800567024495,
  "weight_decay": 0.00011013334554524934
}