{
  "data": "../Hard-Hat-Workers-8/custom_hard_hat.yaml",
  "degrees": 23.415875288593664,
  "lr0": 0.09786204803985407,
  "momentum": 0.6461479362252931,
  "weight_decay": 0.0007991585642167236
}