{
  "data": "E:/files_main/projects_ml/hard-hat-detection/Hard-Hat-Workers-8/custom_hard_hat.yaml",
  "degrees": 13.927657203166628,
  "lr0": 0.04833483236752377,
  "momentum": 0.6358495485163522,
  "weight_decay": 0.0009096220573603548
}