{
  "data": "datasets\\custom_hard_hat.yaml",
  "degrees": 6.953528482262955,
  "lr0": 0.01846191236584189,
  "momentum": 0.600571709904159,
  "weight_decay": 0.0009035834026987838
}