{
  "data": "datasets\\custom_hard_hat.yaml",
  "degrees": 8.127621442674448,
  "lr0": 0.06767530273888445,
  "momentum": 0.6299069246537358,
  "weight_decay": 0.0005682275361180942
}