{
  "data": "../../Hard-Hat-Workers-8/custom_hard_hat.yaml",
  "degrees": 18.815047039725155,
  "lr0": 0.015187979730732049,
  "momentum": 0.6665199128554794,
  "weight_decay": 0.0006438831919873307
}