{
  "data": "/Hard-Hat-Workers-8/custom_hard_hat.yaml",
  "degrees": 22.535758063004067,
  "lr0": 0.020161800846371262,
  "momentum": 0.6942187668314623,
  "weight_decay": 0.00028120319464855395
}