{
  "data": "/Hard-Hat-Workers-8/custom_hard_hat.yaml",
  "degrees": 27.156662444631454,
  "lr0": 0.09563310821067413,
  "momentum": 0.6051205829484294,
  "weight_decay": 0.0004947579135904684
}