{
  "data": "../Hard-Hat-Workers-8/custom_hard_hat.yaml",
  "degrees": 19.80520612478055,
  "lr0": 0.060643257480651164,
  "momentum": 0.6301574816674549,
  "weight_decay": 1.9193198309333528e-05
}