{
  "data": "../Hard-Hat-Workers-8/custom_hard_hat.yaml",
  "degrees": 21.90366088550309,
  "lr0": 0.061400455937029946,
  "momentum": 0.6589909976354571,
  "weight_decay": 0.0005356328030249583
}