{
  "data": "../Hard-Hat-Workers-8/custom_hard_hat.yaml",
  "degrees": 8.92310852565401,
  "lr0": 0.044718066607976566,
  "momentum": 0.6699479275317504,
  "weight_decay": 0.0008464086724711278
}