{
  "data": "E:\\files_main\\projects_ml\\hard-hat-detection\\Hard-Hat-Workers-8\\custom_hard_hat.yaml",
  "degrees": 12.46190289798935,
  "lr0": 0.008254518599134291,
  "momentum": 0.6411237751656125,
  "weight_decay": 0.00041310583349437235
}