{
  "data": "E:/files_main/projects_ml/hard-hat-detection/Hard-Hat-Workers-8/custom_hard_hat.yaml",
  "degrees": 21.64011037452203,
  "lr0": 0.053374561384245754,
  "momentum": 0.6921247583056154,
  "weight_decay": 0.0007113397037121654
}