{
  "data": "/datasets/custom_hard_hat.yaml",
  "degrees": 19.084018253703466,
  "lr0": 0.060385050485694175,
  "momentum": 0.6976271366881206,
  "weight_decay": 0.0009453127482507116
}