{
  "data": "../Hard-Hat-Workers-8/custom_hard_hat.yaml",
  "degrees": 19.563098100050667,
  "lr0": 0.05909136739720485,
  "momentum": 0.6653200819857134,
  "weight_decay": 0.0005743252488495788
}