{
  "data": "datasets\\custom_hard_hat.yaml",
  "degrees": 9.411549013764219,
  "lr0": 0.049621478499536596,
  "momentum": 0.6675636015482871,
  "weight_decay": 0.0005075760069721335
}