{
  "data": "../Hard-Hat-Workers-8/custom_hard_hat.yaml",
  "degrees": 15.561756990163417,
  "lr0": 0.04751931251148249,
  "momentum": 0.6501811619652585,
  "weight_decay": 0.0002779880360207109
}