{
  "data": "E:\\files_main\\projects_ml\\hard-hat-detection\\Hard-Hat-Workers-8\\custom_hard_hat.yaml",
  "degrees": 8.933532989581838,
  "lr0": 0.007167276268945912,
  "momentum": 0.6990884169873548,
  "weight_decay": 0.0006495705875509906
}