{
  "data": "e:\\files_main\\projects_ml\\hard-hat-detection\\Hard-Hat-Workers-8\\custom_hard_hat.yaml",
  "degrees": 2.1131213463364498,
  "lr0": 0.019499428410923877,
  "momentum": 0.6351674776582259,
  "weight_decay": 0.00018049564118291706
}