{
  "data": "../Hard-Hat-Workers-8/custom_hard_hat.yaml",
  "degrees": 19.31970597688912,
  "lr0": 0.07252817543916586,
  "momentum": 0.6956083634723224,
  "weight_decay": 0.0005013243819267022
}