{
  "data": "e:\\files_main\\projects_ml\\hard-hat-detection\\Hard-Hat-Workers-8\\custom_hard_hat.yaml",
  "degrees": 3.1204396731826844,
  "lr0": 0.007783916125856932,
  "momentum": 0.6143457502019456,
  "weight_decay": 4.1784669333147506e-05
}