{
  "data": "../Hard-Hat-Workers-8/custom_hard_hat.yaml",
  "degrees": 28.33117169951801,
  "lr0": 0.03982812401098704,
  "momentum": 0.6186193005880336,
  "weight_decay": 0.00020984374897512216
}