{
  "data": "/hard-hat-detection/datasets/custom_hard_hat.yaml",
  "degrees": 24.694200819230772,
  "lr0": 0.053028235786649586,
  "momentum": 0.6655017207017915,
  "weight_decay": 0.0007566379117169525
}