{
  "data": "../Hard-Hat-Workers-8/custom_hard_hat.yaml",
  "degrees": 8.948469778680924,
  "lr0": 0.06180536274559417,
  "momentum": 0.613547406422245,
  "weight_decay": 0.00042876870094576616
}