{
  "data": "../datasets/custom_hard_hat.yaml",
  "degrees": 6.650607527726007,
  "lr0": 0.07899665291748886,
  "momentum": 0.6983928301829114,
  "weight_decay": 0.00033484111420994223
}