{
  "data": "E:/files_main/projects_ml/hard-hat-detection/Hard-Hat-Workers-8/custom_hard_hat.yaml",
  "degrees": 6.689193231698618,
  "lr0": 0.07862593421189719,
  "momentum": 0.6895643348908607,
  "weight_decay": 0.0006404504452650906
}