{
  "data": "../datasets/custom_hard_hat.yaml",
  "degrees": 12.005791868933072,
  "lr0": 0.019262254265247768,
  "momentum": 0.6204293054846103,
  "weight_decay": 0.0008354753094840852
}