{
  "data": "../Hard-Hat-Workers-8/custom_hard_hat.yaml",
  "degrees": 29.361253902099257,
  "lr0": 0.05597270735692325,
  "momentum": 0.6287485663632417,
  "weight_decay": 0.0005966738099364587
}