{
  "data": "../Hard-Hat-Workers-8/custom_hard_hat.yaml",
  "degrees": 25.69745007794308,
  "lr0": 0.055838905577328055,
  "momentum": 0.6330523600315934,
  "weight_decay": 0.0004626347051003903
}