{
  "data": "datasets\\custom_hard_hat.yaml",
  "degrees": 5.317962748602341,
  "lr0": 0.034674287547160704,
  "momentum": 0.6991419632448865,
  "weight_decay": 0.0008859739297427058
}