{
  "data": "../datasets/custom_hard_hat.yaml",
  "degrees": 8.04112780298,
  "lr0": 0.028567805314974253,
  "momentum": 0.6196856322516614,
  "weight_decay": 0.000691172336834501
}