{
  "data": "E:\files_main\\projects_ml\\hard-hat-detection\\datasets\\custom_hard_hat.yaml",
  "degrees": 17.063666274157853,
  "lr0": 0.01846837240701395,
  "momentum": 0.60559234855501,
  "weight_decay": 0.00033457345782361795
}