{
  "data": "datasets\\custom_hard_hat.yaml",
  "degrees": 20.982601722647104,
  "lr0": 0.08146253705633884,
  "momentum": 0.6951024956958578,
  "weight_decay": 0.00048670231569463774
}