{
  "data": "../Hard-Hat-Workers-8/custom_hard_hat.yaml",
  "degrees": 4.145488540458414,
  "lr0": 0.015905368668715517,
  "momentum": 0.6656329589465273,
  "weight_decay": 0.00011037514116430514
}