{
  "data": "E:/files_main/projects_ml/hard-hat-detection/Hard-Hat-Workers-8/custom_hard_hat.yaml",
  "degrees": 11.454437686985166,
  "lr0": 0.08118052985091498,
  "momentum": 0.6935585891387422,
  "weight_decay": 0.0006926851116613005
}