{
  "data": "../Hard-Hat-Workers-8/custom_hard_hat.yaml",
  "degrees": 17.053018466059456,
  "lr0": 0.026462915654341654,
  "momentum": 0.6456150332216548,
  "weight_decay": 0.0007742336894342167
}