{
  "data": "e:\\files_main\\projects_ml\\hard-hat-detection\\Hard-Hat-Workers-8\\custom_hard_hat.yaml",
  "degrees": 10.812773263831675,
  "lr0": 0.03404392465189861,
  "momentum": 0.6673832813829066,
  "weight_decay": 0.0007788935362979777
}