{
  "data": "E:/files_main/projects_ml/hard-hat-detection/Hard-Hat-Workers-8/custom_hard_hat.yaml",
  "degrees": 25.812933870851776,
  "lr0": 0.03755165717626893,
  "momentum": 0.6802728821398627,
  "weight_decay": 3.406286261034786e-05
}