{
  "data": "../Hard-Hat-Workers-8/custom_hard_hat.yaml",
  "degrees": 27.767899148779833,
  "lr0": 0.07917458655788563,
  "momentum": 0.6568044561093932,
  "weight_decay": 0.0005288949197529045
}