{
  "data": "../Hard-Hat-Workers-8/custom_hard_hat.yaml",
  "degrees": 23.344702528495514,
  "lr0": 0.008722058677157056,
  "momentum": 0.6832619845547938,
  "weight_decay": 2.021839744032572e-05
}