{
  "data": "datasets\\custom_hard_hat.yaml",
  "degrees": 19.910190600773017,
  "lr0": 0.020491752685822016,
  "momentum": 0.6674743457960356,
  "weight_decay": 0.0008975960412699342
}