{
  "data": "e:\\files_main\\projects_ml\\hard-hat-detection\\Hard-Hat-Workers-8\\custom_hard_hat.yaml",
  "degrees": 7.828159273431661,
  "lr0": 0.07232596907569701,
  "momentum": 0.628904241898375,
  "weight_decay": 0.000529303691013919
}