{
  "data": "../datasets/custom_hard_hat.yaml",
  "degrees": 7.7900083590379,
  "lr0": 0.028529185335930542,
  "momentum": 0.6686721820022054,
  "weight_decay": 0.000985649672336771
}