{
  "data": "../hard-hat-detection/datasets/custom_hard_hat.yaml",
  "degrees": 10.877888808467336,
  "lr0": 0.0891242414711933,
  "momentum": 0.655812697270357,
  "weight_decay": 0.000759415943049218
}