{
  "data": "../Hard-Hat-Workers-8/custom_hard_hat.yaml",
  "degrees": 28.312442355438726,
  "lr0": 0.06176737335261696,
  "momentum": 0.6616933996874756,
  "weight_decay": 0.0006120957227224214
}