{
  "data": "datasets\\custom_hard_hat.yaml",
  "degrees": 14.49973502512868,
  "lr0": 0.07347966980730451,
  "momentum": 0.6242884555631728,
  "weight_decay": 0.0003538259912503473
}