{
  "data": "../Hard-Hat-Workers-8/custom_hard_hat.yaml",
  "degrees": 8.884205925664348,
  "lr0": 0.003928387347509524,
  "momentum": 0.6120196561213168,
  "weight_decay": 0.0002828069625764096
}