{
  "data": "../Hard-Hat-Workers-8/custom_hard_hat.yaml",
  "degrees": 27.58633858239678,
  "lr0": 0.016962419837892304,
  "momentum": 0.6524198283831658,
  "weight_decay": 0.0009066548459370924
}