{
  "data": "E:/files_main/projects_ml/hard-hat-detection/Hard-Hat-Workers-8/custom_hard_hat.yaml",
  "degrees": 7.816154112830443,
  "lr0": 0.004673068636011936,
  "momentum": 0.6247123888744983,
  "weight_decay": 0.0003783794169062571
}