{
  "data": "../../hard-hat-detection/datasets/custom_hard_hat.yaml",
  "degrees": 19.22960877858725,
  "lr0": 0.023559517149574653,
  "momentum": 0.6824399939903469,
  "weight_decay": 0.0006499687649641674
}