{
  "data": "/datasets/custom_hard_hat.yaml",
  "degrees": 28.01836018554633,
  "lr0": 0.014227108896800926,
  "momentum": 0.6053480287704941,
  "weight_decay": 3.1898389542752705e-06
}