{
  "data": "../Hard-Hat-Workers-8/custom_hard_hat.yaml",
  "degrees": 3.061344322440842,
  "lr0": 0.05702397507408379,
  "momentum": 0.6988373838059225,
  "weight_decay": 0.00043860151346232035
}