{
  "data": "E:\files_main\\projects_ml\\hard-hat-detection\\datasets\\custom_hard_hat.yaml",
  "degrees": 26.592227341427115,
  "lr0": 0.09241943491947598,
  "momentum": 0.6820359379381356,
  "weight_decay": 0.0009249571588255666
}