{
  "data": "../Hard-Hat-Workers-8/custom_hard_hat.yaml",
  "degrees": 26.452060855645584,
  "lr0": 0.03965660902729,
  "momentum": 0.6581272872635858,
  "weight_decay": 0.0008811031971111616
}