{
  "data": "datasets\\custom_hard_hat.yaml",
  "degrees": 24.93244340885265,
  "lr0": 0.06962134692251498,
  "momentum": 0.6621405625318928,
  "weight_decay": 0.00013705437633345152
}