{
  "data": "../Hard-Hat-Workers-8/custom_hard_hat.yaml",
  "degrees": 20.774163581100595,
  "lr0": 0.031805138107603666,
  "momentum": 0.6064147496348784,
  "weight_decay": 0.00041426299451467
}