{
  "data": "../Hard-Hat-Workers-8/custom_hard_hat.yaml",
  "degrees": 24.86820087652089,
  "lr0": 0.018327304287091613,
  "momentum": 0.6020107546187493,
  "weight_decay": 0.0005865129348100832
}