{
  "data": "E:/files_main/projects_ml/hard-hat-detection/Hard-Hat-Workers-8/custom_hard_hat.yaml",
  "degrees": 14.046148433953084,
  "lr0": 0.02199593710141488,
  "momentum": 0.6640506699578168,
  "weight_decay": 0.0004637262868872284
}