{
  "data": "../Hard-Hat-Workers-8/custom_hard_hat.yaml",
  "degrees": 26.757700650470163,
  "lr0": 0.0896556941191478,
  "momentum": 0.6435864925265626,
  "weight_decay": 0.00036756187004789655
}