{
  "data": "datasets\\custom_hard_hat.yaml",
  "degrees": 20.365296011648624,
  "lr0": 0.016441456207890247,
  "momentum": 0.6630420889158399,
  "weight_decay": 0.0006371756901057036
}