{
  "data": "E:/files_main/projects_ml/hard-hat-detection/Hard-Hat-Workers-8/custom_hard_hat.yaml",
  "degrees": 11.30700879270967,
  "lr0": 0.04832257791902202,
  "momentum": 0.6788165024299834,
  "weight_decay": 0.0005498539540013998
}