{
  "data": "../Hard-Hat-Workers-8/custom_hard_hat.yaml",
  "degrees": 3.632680259005905,
  "lr0": 0.09736865813813284,
  "momentum": 0.6810022400270788,
  "weight_decay": 0.00010627983582352707
}