{
  "data": "../Hard-Hat-Workers-8/custom_hard_hat.yaml",
  "degrees": 1.806764148878095,
  "lr0": 0.03595719497837287,
  "momentum": 0.6697631195927265,
  "weight_decay": 0.0004370319537993415
}