{
  "data": "../hard-hat-detection/datasets/custom_hard_hat.yaml",
  "degrees": 12.20253617953813,
  "lr0": 0.028748009342078353,
  "momentum": 0.6983890522547435,
  "weight_decay": 4.173827070926217e-05
}