{
  "data": "../Hard-Hat-Workers-8/custom_hard_hat.yaml",
  "degrees": 6.6924489792185495,
  "lr0": 0.05761997186843952,
  "momentum": 0.6572251905790873,
  "weight_decay": 0.000592041931271839
}