{
  "data": "E:\\files_main\\projects_ml\\hard-hat-detection\\Hard-Hat-Workers-8\\custom_hard_hat.yaml",
  "degrees": 3.258358254995222,
  "lr0": 0.0042062997078040855,
  "momentum": 0.6319607853120832,
  "weight_decay": 0.00045416441748094105
}