{
  "data": "datasets\\custom_hard_hat.yaml",
  "degrees": 25.051388770228932,
  "lr0": 0.08391696910948238,
  "momentum": 0.6783762656066579,
  "weight_decay": 0.0002757400944576094
}