{
  "data": "E:\\files_main\\projects_ml\\hard-hat-detection\\Hard-Hat-Workers-8\\custom_hard_hat.yaml",
  "degrees": 14.690806681583783,
  "lr0": 0.006987448422615823,
  "momentum": 0.664710209026616,
  "weight_decay": 5.729314652728412e-05
}