{
  "data": "../../hard-hat-detection/datasets/custom_hard_hat.yaml",
  "degrees": 14.088188975888981,
  "lr0": 0.013812611068514726,
  "momentum": 0.6041422217243408,
  "weight_decay": 0.0004838877728678509
}