{
  "data": "../../Hard-Hat-Workers-8/custom_hard_hat.yaml",
  "degrees": 21.37714094153955,
  "lr0": 0.003528677623469227,
  "momentum": 0.6122819516617912,
  "weight_decay": 4.957535887232012e-05
}