{
  "data": "E:/files_main/projects_ml/hard-hat-detection/Hard-Hat-Workers-8/custom_hard_hat.yaml",
  "degrees": 24.411720144179238,
  "lr0": 0.07491675431882884,
  "momentum": 0.6674957247433811,
  "weight_decay": 0.0004939839205288757
}